second,rss_kb,cpu_pct
1,88652,4.00
2,88652,1.00
3,88652,2.00
4,88652,1.00
5,88652,0.00
6,88652,1.00
7,87836,15.00
8,90196,15.00
9,90204,0.00
10,90272,0.00
11,90372,2.00
12,90388,0.00
13,90396,0.00
14,90404,1.00
15,90404,1.00
16,90404,0.00
17,90404,1.00
18,90408,1.00
19,90408,1.00
20,90596,3.00
21,90632,0.00
22,90632,1.00
23,90676,0.00
24,90676,0.00
25,90680,1.00
26,90680,0.00
27,88128,3.00
28,88128,0.00
29,88128,0.00
30,88128,2.00
31,88128,0.00
32,88128,0.00
33,88128,1.00
34,88128,1.00
35,88128,0.00
