elapsed_seconds,component,pid,cpu_seconds,cpu_pct_one_core,rss_kib,pss_kib
1.0001883389999762,k3s,2461,0.26,25.995104108088007,544976,483574
1.0001883389999762,containerd,2486,0.06,5.99887017878954,184120,123394
1.0001883389999762,coredns,2953,0.02,1.9996233929298466,66180,66580
2.010454559999971,k3s,2461,0.51,24.745952581938425,544864,483586
2.010454559999971,containerd,2486,0.06,0.0,184120,123402
2.010454559999971,coredns,2953,0.02,0.0,66180,66580
3.024634265999964,k3s,2461,0.95,43.38481606335781,544916,483734
3.024634265999964,containerd,2486,0.1,3.9440741875779826,184248,123426
3.024634265999964,coredns,2953,0.04,1.9720370937889913,66180,66580
4.0346388719999595,k3s,2461,1.27,31.683023829695433,545016,483658
4.0346388719999595,containerd,2486,0.11,0.9900944946779823,184248,123426
4.0346388719999595,coredns,2953,0.04,0.0,66180,66584
5.061176227999965,k3s,2461,1.66,37.991798127996994,545212,483938
5.061176227999965,containerd,2486,0.17,5.844892019691845,184380,123506
5.061176227999965,coredns,2953,0.06,1.9482973398972816,66180,66588
6.072296983000001,k3s,2461,2.13,46.483073132049725,545496,484358
6.072296983000001,containerd,2486,0.33,15.824024896016928,184912,123918
6.072296983000001,coredns,2953,0.07,0.989001556001058,66180,66592
7.103977364000002,k3s,2461,2.62,47.495329854489064,545840,484514
7.103977364000002,containerd,2486,0.4,6.785047122069867,184912,123926
7.103977364000002,coredns,2953,0.09,1.9385848920199618,66180,66596
8.11895083799999,k3s,2461,2.95,32.51316496966936,549876,489638
8.11895083799999,containerd,2486,0.42,1.970494846646628,184912,123926
8.11895083799999,coredns,2953,0.09,0.0,66180,66596
9.142179577999968,k3s,2461,3.48,51.796825018813564,561004,499770
9.142179577999968,containerd,2486,0.44,1.9545971705212666,184912,123930
9.142179577999968,coredns,2953,0.11,1.9545971705212666,66180,66604
10.154380087999982,k3s,2461,3.77,28.650449899496298,561376,500230
10.154380087999982,containerd,2486,0.5,5.927679289550959,184912,124026
10.154380087999982,coredns,2953,0.12,0.9879465482584932,66180,66604
11.163713692999977,k3s,2461,4.05,27.741075756612847,561444,500234
11.163713692999977,containerd,2486,0.52,1.9815054111866317,184912,124030
11.163713692999977,coredns,2953,0.13,0.9907527055933159,66180,66604
12.173154568999962,k3s,2461,4.5,44.5791339244327,561360,500086
12.173154568999962,containerd,2486,0.53,0.990647420542949,184912,124030
12.173154568999962,coredns,2953,0.13,0.0,66180,66612
13.197266686999967,k3s,2461,4.77,26.364300866518864,561356,500106
13.197266686999967,containerd,2486,0.55,1.9529111752976935,184912,124030
13.197266686999967,coredns,2953,0.15,1.9529111752976935,66180,66616
14.209307386999967,k3s,2461,5.09,31.619281714658314,561412,500110
14.209307386999967,containerd,2486,0.61,5.928615321498434,187184,126242
14.209307386999967,coredns,2953,0.16,0.9881025535830723,66048,66428
15.220719777,k3s,2461,5.34,24.71790957593391,561516,500326
15.220719777,containerd,2486,0.63,1.9774327660747129,187184,126242
15.220719777,coredns,2953,0.17,0.9887163830373564,66048,66428
16.24194572899995,k3s,2461,5.63,28.397241514678388,561472,500302
16.24194572899995,containerd,2486,0.65,1.958430449288165,187312,126442
16.24194572899995,coredns,2953,0.18,0.9792152246440825,66048,66436
17.25286524699999,k3s,2461,6.33,69.24389009570734,576260,515186
17.25286524699999,containerd,2486,0.73,7.913587439509411,187312,126674
17.25286524699999,coredns,2953,0.2,1.9783968598773527,66048,66440
18.33309580499997,k3s,2461,6.88,50.915056598501536,576884,515430
18.33309580499997,containerd,2486,0.89,14.811652828654992,187868,127050
18.33309580499997,coredns,2953,0.2,0.0,66048,66440
19.343268076999948,k3s,2461,7.2,31.67776515647692,577060,515674
19.343268076999948,containerd,2486,0.95,5.939580966839423,189924,129162
19.343268076999948,coredns,2953,0.22,1.9798603222798075,66048,66440
20.353408761999958,k3s,2461,7.5,29.698833484763256,576884,515498
20.353408761999958,containerd,2486,0.98,2.969883348476326,189924,129166
20.353408761999958,coredns,2953,0.22,0.0,66048,66440
21.367276647999972,k3s,2461,7.83,32.54861945592736,578992,517698
21.367276647999972,containerd,2486,0.99,0.9863218016947685,189924,129170
21.367276647999972,coredns,2953,0.24,1.972643603389537,66048,66444
22.382424139999955,k3s,2461,8.17,33.49267004838404,581236,519950
22.382424139999955,containerd,2486,1.03,3.9403141233392986,189924,129182
22.382424139999955,coredns,2953,0.25,0.9850785308348247,66048,66452
23.402391798999986,k3s,2461,8.79,60.786241066490646,585372,524170
23.402391798999986,containerd,2486,1.08,4.902116215039568,190208,129258
23.402391798999986,coredns,2953,0.26,0.9804232430079136,66048,66460
24.417320403999952,k3s,2461,9.06,26.602856463978473,585728,524390
24.417320403999952,containerd,2486,1.1,1.970581960294702,190208,129258
24.417320403999952,coredns,2953,0.27,0.985290980147351,66048,66460
25.42956880199995,k3s,2461,9.39,32.600693728141714,586008,524666
25.42956880199995,containerd,2486,1.13,2.963699429831065,190208,129262
25.42956880199995,coredns,2953,0.28,0.9878998099436883,66048,66460
26.440651555999978,k3s,2461,9.7,30.660200539825567,585572,524410
26.440651555999978,containerd,2486,1.15,1.9780774541822947,190208,129294
26.440651555999978,coredns,2953,0.29,0.9890387270911474,66048,66460
27.45512303299995,k3s,2461,10.06,35.4864585315502,585820,524546
27.45512303299995,containerd,2486,1.21,5.914409755258367,192288,131406
27.45512303299995,coredns,2953,0.3,0.9857349592097278,66048,66460
28.468258166999988,k3s,2461,10.35,28.624019666066495,586072,524718
28.468258166999988,containerd,2486,1.25,3.948140643595379,192288,131406
28.468258166999988,coredns,2953,0.31,0.9870351608988448,66048,66460
29.48647445399996,k3s,2461,10.8,44.19493242696598,585112,524042
29.48647445399996,containerd,2486,1.38,12.767424923345727,192700,131718
29.48647445399996,coredns,2953,0.32,0.9821096094881329,66048,66468
30.519074353999997,k3s,2461,11.54,71.6637683191693,585496,524306
30.519074353999997,containerd,2486,1.46,7.747434412883167,192856,131842
30.519074353999997,coredns,2953,0.34,1.9368586032207917,66048,66476
31.532945401999996,k3s,2461,11.86,31.56219921963887,585188,524090
31.532945401999996,containerd,2486,1.48,1.9726374512274294,192856,131842
31.532945401999996,coredns,2953,0.34,0.0,66048,66512
32.55445432099998,k3s,2461,12.17,30.347263174508292,585572,524450
32.55445432099998,containerd,2486,1.57,8.810495760341118,193112,132186
32.55445432099998,coredns,2953,0.35,0.9789439733712352,66048,66512
33.568263247999994,k3s,2461,12.47,29.591374864663816,585264,524186
33.568263247999994,containerd,2486,1.6,2.959137486466382,193112,132186
33.568263247999994,coredns,2953,0.37,1.9727583243109212,66048,66512
34.57997267099995,k3s,2461,12.81,33.60648742321881,585416,524326
34.57997267099995,containerd,2486,1.61,0.9884261006829062,193112,132190
34.57997267099995,coredns,2953,0.38,0.9884261006829062,66048,66512
35.59694993399995,k3s,2461,13.1,28.515878432180802,587220,526170
35.59694993399995,containerd,2486,1.63,1.966612305667642,193112,132190
35.59694993399995,coredns,2953,0.39,0.983306152833821,66048,66512
36.613785363999966,k3s,2461,13.59,48.18872214159502,593564,532526
36.613785363999966,containerd,2486,1.7,6.884103163085004,193240,132290
36.613785363999966,coredns,2953,0.4,0.9834433090121433,66048,66512
37.625593304999995,k3s,2461,13.9,30.6382256393055,593796,532490
37.625593304999995,containerd,2486,1.72,1.9766597186648711,193240,132258
37.625593304999995,coredns,2953,0.41,0.9883298593324356,66048,66512
38.635472850999975,k3s,2461,14.24,33.66738155522629,593764,532570
38.635472850999975,containerd,2486,1.75,2.9706513136964374,193240,132258
38.635472850999975,coredns,2953,0.42,0.9902171045654792,66048,66512
39.65196454799997,k3s,2461,14.52,27.545724261828592,593584,532458
39.65196454799997,containerd,2486,1.76,0.9837758664938782,193240,132262
39.65196454799997,coredns,2953,0.43,0.9837758664938782,66048,66512
40.66402799499997,k3s,2461,14.91,38.53513345986884,593836,532574
40.66402799499997,containerd,2486,1.84,7.904642760998737,195040,134190
40.66402799499997,coredns,2953,0.44,0.9880803451248421,66048,66516
41.68465671299998,k3s,2461,15.17,25.474493850171772,593916,532618
41.68465671299998,containerd,2486,1.9,5.87872935003964,195552,134634
41.68465671299998,coredns,2953,0.46,1.9595764500132133,66048,66516
42.73695415699996,k3s,2461,15.85,64.62051237292711,594256,532974
42.73695415699996,containerd,2486,2.02,11.403619830516549,195680,134710
42.73695415699996,coredns,2953,0.46,0.0,66048,66528
43.75310416899998,k3s,2461,16.17,31.491413297350032,594316,532918
43.75310416899998,containerd,2486,2.04,1.968213331084377,195680,134710
43.75310416899998,coredns,2953,0.48,1.968213331084377,66048,66528
44.76711982799998,k3s,2461,16.48,30.571520000560625,594144,532812
44.76711982799998,containerd,2486,2.08,3.944712258136855,195680,134724
44.76711982799998,coredns,2953,0.49,0.9861780645342137,66048,66528
45.787286859999995,k3s,2461,16.89,40.1894971254073,594308,532872
45.787286859999995,containerd,2486,2.13,4.90115818602528,195936,135072
45.787286859999995,coredns,2953,0.49,0.0,66304,66556
46.80296541599995,k3s,2461,17.18,28.55234053006952,594312,532852
46.80296541599995,containerd,2486,2.35,21.660396264190673,196192,135312
46.80296541599995,coredns,2953,0.51,1.969126933108243,66304,66572
47.81621243799998,k3s,2461,17.53,34.54241585720541,594332,532904
47.81621243799998,containerd,2486,2.43,7.8954093387898086,196320,135384
47.81621243799998,coredns,2953,0.52,0.9869261673487261,66304,66588
48.83556494199996,k3s,2461,17.84,30.41146205886058,594336,532980
48.83556494199996,containerd,2486,2.44,0.9810149051245348,196320,135384
48.83556494199996,coredns,2953,0.53,0.9810149051245348,66304,66624
49.85195154999997,k3s,2461,18.34,49.193879185782976,594268,532872
49.85195154999997,containerd,2486,2.5,5.903265502293958,196320,135380
49.85195154999997,coredns,2953,0.54,0.9838775837156596,66304,66640
50.86394503499997,k3s,2461,18.77,42.4903921194708,594252,532824
50.86394503499997,containerd,2486,2.53,2.964445961823544,196320,135384
50.86394503499997,coredns,2953,0.55,0.9881486539411813,66304,66656
51.87890468499995,k3s,2461,19.29,51.23356381704535,594460,532876
51.87890468499995,containerd,2486,2.73,19.70521685270975,196320,135424
51.87890468499995,coredns,2953,0.57,1.970521685270975,66304,66688
52.903941636999946,k3s,2461,19.65,35.12068509311675,594716,533180
52.903941636999946,containerd,2486,2.76,2.9267237577597287,196320,135424
52.903941636999946,coredns,2953,0.58,0.9755745859199096,66432,66700
53.922770071,k3s,2461,20.0,34.353183354517626,595192,533580
53.922770071,containerd,2486,2.86,9.815195244147894,196448,135440
53.922770071,coredns,2953,0.59,0.9815195244147894,66432,66712
54.93594676999999,k3s,2461,20.7,69.08962678384796,595040,533548
54.93594676999999,containerd,2486,3.0,13.817925356769594,193312,132320
54.93594676999999,coredns,2953,0.6,0.9869946683406852,66432,66712
55.95034365799995,k3s,2461,20.98,27.60260833923317,594796,533096
55.95034365799995,containerd,2486,3.02,1.9716148813737977,193312,132324
55.95034365799995,coredns,2953,0.61,0.9858074406868989,66432,66716
56.982675379,k3s,2461,21.36,36.80987344183161,594388,532952
56.982675379,containerd,2486,3.06,3.8747235201928016,193312,132332
56.982675379,coredns,2953,0.62,0.9686808800482004,66432,66716
58.00572691699995,k3s,2461,21.77,40.07618235944835,594444,533028
58.00572691699995,containerd,2486,3.07,0.9774678624255696,193312,132332
58.00572691699995,coredns,2953,0.64,1.9549357248511392,66432,66716
59.01695732799999,k3s,2461,22.11,33.62240655557043,594876,533276
59.01695732799999,containerd,2486,3.12,4.944471552289769,193312,132328
59.01695732799999,coredns,2953,0.64,0.0,66432,66716
60.03195265699998,k3s,2461,22.42,30.54201247462134,594944,533400
60.03195265699998,containerd,2486,3.14,1.970452417717506,193312,132328
60.03195265699998,coredns,2953,0.65,0.985226208858753,66432,66716
61.046277406,k3s,2461,22.7,27.604571442828234,594904,533464
61.046277406,containerd,2486,3.16,1.9717551030591594,193312,132328
61.046277406,coredns,2953,0.67,1.9717551030591594,66432,66716
62.05398663599999,k3s,2461,23.2,49.61748737778312,594816,533364
62.05398663599999,containerd,2486,3.18,1.9846994951113248,193312,132332
62.05398663599999,coredns,2953,0.67,0.0,66432,66720
63.09375297199995,k3s,2461,23.68,46.16421818834687,594904,533356
63.09375297199995,containerd,2486,3.29,10.57930000149616,193312,132320
63.09375297199995,coredns,2953,0.68,0.9617545455905598,66432,66720
64.11452564899997,k3s,2461,24.21,51.921452439110205,594748,533188
64.11452564899997,containerd,2486,3.46,16.654050782356105,193312,132352
64.11452564899997,coredns,2953,0.69,0.9796500460209473,66432,66724
65.12634632699996,k3s,2461,24.49,27.672887705107975,594820,533364
65.12634632699996,containerd,2486,3.48,1.9766348360791408,193312,132352
65.12634632699996,coredns,2953,0.71,1.9766348360791408,66432,66724
66.13982553199997,k3s,2461,24.77,27.62760189045983,595136,533508
66.13982553199997,containerd,2486,3.5,1.9734001350328447,193312,132352
66.13982553199997,coredns,2953,0.72,0.9867000675164224,66432,66724
67.17359946299996,k3s,2461,25.28,49.33380352381971,594820,533584
67.17359946299996,containerd,2486,3.53,2.90198844257763,193312,132352
67.17359946299996,coredns,2953,0.73,0.96732948085921,66432,66724
68.18352395599999,k3s,2461,25.63,34.65605621270839,594824,533448
68.18352395599999,containerd,2486,3.57,3.960692138595245,193312,132348
68.18352395599999,coredns,2953,0.74,0.9901730346488112,66432,66724
69.201450497,k3s,2461,25.94,30.454063973561077,594836,533288
69.201450497,containerd,2486,3.61,3.9295566417498162,193312,132348
69.201450497,coredns,2953,0.75,0.9823891604374541,66432,66728
70.21695331899997,k3s,2461,26.23,28.55728154736802,594652,533228
70.21695331899997,containerd,2486,3.63,1.9694676929219328,193312,132348
70.21695331899997,coredns,2953,0.77,1.9694676929219328,66432,66732
71.22684513899998,k3s,2461,26.56,32.67676729968935,595512,534212
71.22684513899998,containerd,2486,3.66,2.9706152090626685,193312,132352
71.22684513899998,coredns,2953,0.77,0.0,66432,66732
72.25495285199997,k3s,2461,26.9,33.07046486480361,594832,533476
72.25495285199997,containerd,2486,3.69,2.91798219395326,193312,132352
72.25495285199997,coredns,2953,0.79,1.9453214626355064,66432,66732
73.28495142099996,k3s,2461,27.19,28.15537892266761,594960,533490
73.28495142099996,containerd,2486,3.77,7.767001082115203,193312,132390
73.28495142099996,coredns,2953,0.8,0.9708751352644004,66432,66732
74.29800383699995,k3s,2461,27.51,31.58770414501455,594864,533454
74.29800383699995,containerd,2486,3.79,1.9742315090634093,193312,132390
74.29800383699995,coredns,2953,0.81,0.9871157545317046,66432,66732
75.31322010999997,k3s,2461,28.01,49.25058958348567,595164,533754
75.31322010999997,containerd,2486,3.84,4.9250589583485676,193312,132394
75.31322010999997,coredns,2953,0.82,0.9850117916697134,66432,66732
76.328544336,k3s,2461,28.47,45.30572483355594,595112,533618
76.328544336,containerd,2486,3.93,8.86416355439138,193312,132394
76.328544336,coredns,2953,0.83,0.9849070615990423,66432,66732
77.34596752299996,k3s,2461,28.87,39.315007276319776,594872,533490
77.34596752299996,containerd,2486,4.05,11.794502182895933,193312,132410
77.34596752299996,coredns,2953,0.84,0.9828751819079943,66432,66732
78.36112638999998,k3s,2461,29.16,28.566957293788064,594988,533490
78.36112638999998,containerd,2486,4.07,1.9701349857784876,193312,132410
78.36112638999998,coredns,2953,0.86,1.9701349857784876,66432,66732
79.40094740799998,k3s,2461,29.57,39.4298627266256,594896,533510
79.40094740799998,containerd,2486,4.09,1.9234079378841755,193312,132410
79.40094740799998,coredns,2953,0.86,0.0,66432,66732
80.416159725,k3s,2461,30.07,49.25078149933338,594896,533530
80.416159725,containerd,2486,4.11,1.970031259973335,193312,132414
80.416159725,coredns,2953,0.88,1.970031259973335,66432,66732
81.42980619299999,k3s,2461,30.42,34.52880378408257,595012,533570
81.42980619299999,containerd,2486,4.16,4.932686254868939,193448,132454
81.42980619299999,coredns,2953,0.88,0.0,66432,66732
82.44245129299998,k3s,2461,30.71,28.637871254203862,595028,533570
82.44245129299998,containerd,2486,4.19,2.9625384056072965,193448,132458
82.44245129299998,coredns,2953,0.89,0.9875128018690988,66432,66732
83.45195304799995,k3s,2461,30.98,26.745867321449776,595028,533528
83.45195304799995,containerd,2486,4.22,2.971763035716642,193448,132460
83.45195304799995,coredns,2953,0.91,1.981175357144428,66432,66736
84.48037432999996,k3s,2461,31.5,50.56293652234966,595228,533688
84.48037432999996,containerd,2486,4.28,5.834184983348037,193448,132476
84.48037432999996,coredns,2953,0.91,0.0,66432,66736
85.524590311,k3s,2461,32.21,67.99359643203692,594900,533580
85.524590311,containerd,2486,4.45,16.280156892177857,193716,132900
85.524590311,coredns,2953,0.93,1.915312575550336,66432,66812
86.543941932,k3s,2461,32.58,36.297582931886126,595220,533692
86.543941932,containerd,2486,4.55,9.810157549158413,193716,133048
86.543941932,coredns,2953,0.94,0.9810157549158413,66432,66812
87.55521444699997,k3s,2461,32.85,26.699034730515457,594884,533596
87.55521444699997,containerd,2486,4.65,9.888531381672392,193716,133064
87.55521444699997,coredns,2953,0.95,0.9888531381672392,66432,66812
88.59195515399995,k3s,2461,33.43,55.94455740802815,595040,533640
88.59195515399995,containerd,2486,4.68,2.8936840038635254,193716,133036
88.59195515399995,coredns,2953,0.96,0.9645613346211751,66432,66816
89.60770748199997,k3s,2461,33.7,26.58128291289478,595040,533752
89.60770748199997,containerd,2486,4.7,1.9689839194736871,193716,133036
89.60770748199997,coredns,2953,0.98,1.9689839194736871,66432,66816
90.63973419199999,k3s,2461,34.15,43.60352262588136,595432,534140
90.63973419199999,containerd,2486,4.76,5.813803016784182,193980,133148
90.63973419199999,coredns,2953,0.98,0.0,66432,66816
91.65083325299997,k3s,2461,34.63,47.473093242246485,597612,536208
91.65083325299997,containerd,2486,4.76,0.0,194364,133532
91.65083325299997,coredns,2953,1.01,2.9670683276404053,66432,66816
92.66215045199999,k3s,2461,34.92,28.675473954833308,597680,536216
92.66215045199999,containerd,2486,4.83,6.921666127028731,196572,135492
92.66215045199999,coredns,2953,1.01,0.0,66432,66816
93.68436339599998,k3s,2461,35.25,32.282901712111716,597936,536336
93.68436339599998,containerd,2486,4.85,1.9565394977037402,196572,135548
93.68436339599998,coredns,2953,1.03,1.9565394977037402,66432,66816
94.71361718099996,k3s,2461,35.55,29.147330267044463,597736,536212
94.71361718099996,containerd,2486,4.87,1.9431553511362976,196828,135780
94.71361718099996,coredns,2953,1.03,0.0,66432,66816
95.736336048,k3s,2461,35.87,31.28914605229321,598028,536488
95.736336048,containerd,2486,4.92,4.888929070670813,196828,136004
95.736336048,coredns,2953,1.05,1.9555716282683255,66432,66816
96.75735416099997,k3s,2461,36.32,44.0736549401464,597660,536252
96.75735416099997,containerd,2486,5.02,9.794145542254753,199104,138352
96.75735416099997,coredns,2953,1.06,0.9794145542254754,66432,66816
97.770219301,k3s,2461,37.11,77.99656329370522,597976,536540
97.770219301,containerd,2486,5.15,12.83487750402744,201452,140580
97.770219301,coredns,2953,1.07,0.9872982695405724,66432,66820
98.78755743299996,k3s,2461,37.47,35.386464802246586,598104,536648
98.78755743299996,containerd,2486,5.18,2.948872066853882,201452,140580
98.78755743299996,coredns,2953,1.08,0.9829573556179607,66432,66820
99.79996515399995,k3s,2461,37.78,30.620074656661338,598056,536652
99.79996515399995,containerd,2486,5.25,6.9142104063428835,201580,140652
99.79996515399995,coredns,2953,1.09,0.9877443437632689,66432,66820
100.81149018599996,k3s,2461,38.06,27.680975867337473,598148,536724
100.81149018599996,containerd,2486,5.27,1.9772125619526764,203736,142708
100.81149018599996,coredns,2953,1.1,0.9886062809763382,66432,66820
101.82949951899997,k3s,2461,38.38,31.43389649061274,598140,536684
101.82949951899997,containerd,2486,5.29,1.9646185306632962,203736,142708
101.82949951899997,coredns,2953,1.11,0.9823092653316481,66432,66820
102.853272705,k3s,2461,38.78,39.07115418433991,598460,536840
102.853272705,containerd,2486,5.35,5.860673127650987,203864,142756
102.853272705,coredns,2953,1.12,0.9767788546084978,66432,66820
103.86335500599995,k3s,2461,39.14,35.64066013666506,604584,543040
103.86335500599995,containerd,2486,5.41,5.940110022777511,203864,142832
103.86335500599995,coredns,2953,1.13,0.9900183371295852,66432,66824
104.87277916699998,k3s,2461,39.42,27.738587089356642,604648,543072
104.87277916699998,containerd,2486,5.42,0.99066382461988,203864,142836
104.87277916699998,coredns,2953,1.14,0.99066382461988,66432,66824
105.881872128,k3s,2461,39.92,49.54944879453869,606988,545512
105.881872128,containerd,2486,5.45,2.972966927672321,203864,142840
105.881872128,coredns,2953,1.15,0.9909889758907738,66432,66828
106.90182298999997,k3s,2461,40.28,35.2958180057903,607212,545672
106.90182298999997,containerd,2486,5.49,3.921757556198923,203864,142840
106.90182298999997,coredns,2953,1.17,1.9608787780994614,66432,66828
107.91596767799996,k3s,2461,40.62,33.52578818615319,606616,545320
107.91596767799996,containerd,2486,5.79,29.581577811311643,205400,144584
107.91596767799996,coredns,2953,1.17,0.0,66432,66836
108.94321699,k3s,2461,41.04,40.88588768993837,606044,544776
108.94321699,containerd,2486,6.01,21.416417361396288,203172,142200
108.94321699,coredns,2953,1.18,0.973473516427104,66432,66836
109.969527567,k3s,2461,41.47,41.89764868807334,606284,544984
109.969527567,containerd,2486,6.25,23.384734151482792,203612,142580
109.969527567,coredns,2953,1.2,1.9487278459568993,66432,66836
110.99231473099996,k3s,2461,42.29,80.173082813545,614976,553308
110.99231473099996,containerd,2486,6.43,17.598969398095242,203740,142696
110.99231473099996,coredns,2953,1.21,0.9777205221164023,66432,66836
112.03734980599995,k3s,2461,42.65,34.44860451215041,614804,553320
112.03734980599995,containerd,2486,6.47,3.827622723572268,203740,142708
112.03734980599995,coredns,2953,1.23,1.913811361786134,66432,66836
113.04786298399995,k3s,2461,42.99,33.64627076639679,614804,553344
113.04786298399995,containerd,2486,6.58,10.885558189128373,201440,140276
113.04786298399995,coredns,2953,1.23,0.0,66432,66836
114.05715141899998,k3s,2461,43.26,26.751520243070246,614932,553284
114.05715141899998,containerd,2486,6.6,1.9815940920792774,201568,140416
114.05715141899998,coredns,2953,1.25,1.9815940920792774,66432,66836
115.06609944999997,k3s,2461,43.61,34.6895964158935,614780,553308
115.06609944999997,containerd,2486,6.62,1.982262652336771,201568,140424
115.06609944999997,coredns,2953,1.26,0.9911313261683855,66432,66836
116.078097845,k3s,2461,44.0,38.53761052654502,614848,553324
116.078097845,containerd,2486,6.63,0.9881438596550005,201568,140524
116.078097845,coredns,2953,1.27,0.9881438596550005,66432,66836
117.09234921199999,k3s,2461,44.36,35.49415970370637,619060,557492
117.09234921199999,containerd,2486,6.7,6.901642164609574,201568,140592
117.09234921199999,coredns,2953,1.28,0.9859488806585104,66432,66836
118.10623488799996,k3s,2461,44.67,30.575439355551993,619020,557432
118.10623488799996,containerd,2486,6.73,2.9589134860211606,201568,140596
118.10623488799996,coredns,2953,1.29,0.9863044953403869,66432,66836
119.13686804399998,k3s,2461,45.12,43.66248042576951,619148,557512
119.13686804399998,containerd,2486,6.76,2.910832028384634,201696,140600
119.13686804399998,coredns,2953,1.31,1.940554685589756,66432,66836
120.15139817199997,k3s,2461,45.45,32.5273731052769,619244,557720
120.15139817199997,containerd,2486,6.77,0.9856779728871787,201696,140600
120.15139817199997,coredns,2953,1.32,0.9856779728871787,66432,66836
121.16242294999995,k3s,2461,45.93,47.476581231722335,619064,557488
121.16242294999995,containerd,2486,6.87,9.890954423275486,201824,140684
121.16242294999995,coredns,2953,1.32,0.0,66432,66840
122.20478298799998,k3s,2461,46.44,48.92743211630941,619208,557476
122.20478298799998,containerd,2486,7.08,20.146589694950933,202080,140732
122.20478298799998,coredns,2953,1.34,1.918722828090565,66432,66840
123.25763038999997,k3s,2461,47.21,73.13500499097036,619220,557524
123.25763038999997,containerd,2486,7.24,15.196884153967867,202080,140768
123.25763038999997,coredns,2953,1.35,0.9498052596229917,66432,66848
124.28085866699996,k3s,2461,47.52,30.296269851815673,619056,557528
124.28085866699996,containerd,2486,7.27,2.9318970824337747,202080,140768
124.28085866699996,coredns,2953,1.36,0.9772990274779249,66432,66848
125.29266124599997,k3s,2461,47.86,33.603393295956245,619312,557608
125.29266124599997,containerd,2486,7.28,0.9883350969398896,202080,140768
125.29266124599997,coredns,2953,1.37,0.9883350969398896,66432,66912
126.30859494699996,k3s,2461,48.19,32.482434599342206,619140,557544
126.30859494699996,containerd,2486,7.31,2.9529485999402008,202080,140864
126.30859494699996,coredns,2953,1.38,0.9843161999800668,66432,66912
127.31997214799998,k3s,2461,48.51,31.640025075075318,619140,557564
127.31997214799998,containerd,2486,7.37,5.9325047015766215,202080,140856
127.31997214799998,coredns,2953,1.4,1.9775015671922074,66432,66912
128.33496440699997,k3s,2461,48.95,43.35008430837715,619104,557560
128.33496440699997,containerd,2486,7.4,2.95568756648026,202080,140856
128.33496440699997,coredns,2953,1.41,0.9852291888267534,66432,66912
129.34388741699996,k3s,2461,49.21,25.770053554433524,619360,557808
129.34388741699996,containerd,2486,7.41,0.9911559059397509,202080,140856
129.34388741699996,coredns,2953,1.41,0.0,66432,66912
130.38789545499998,k3s,2461,49.52,29.693257974704924,619328,557692
130.38789545499998,containerd,2486,7.43,1.9156940628841888,202080,140860
130.38789545499998,coredns,2953,1.42,0.9578470314420944,66432,66912
131.39732169299998,k3s,2461,50.06,53.49573645617861,619456,557764
131.39732169299998,containerd,2486,7.51,7.925294289804239,202080,140852
131.39732169299998,coredns,2953,1.44,1.9813235724510598,66432,66912
132.41878062899997,k3s,2461,50.36,29.369756279659548,619324,557712
132.41878062899997,containerd,2486,7.55,3.9159675039546062,202080,140852
132.41878062899997,coredns,2953,1.45,0.9789918759886516,66432,66912
133.432609556,k3s,2461,50.84,47.345265775790054,619168,557600
133.432609556,containerd,2486,7.69,13.8090358512721,202080,140876
133.432609556,coredns,2953,1.47,1.9727194073245855,66432,66912
134.44241261099995,k3s,2461,51.36,51.49518982194194,619452,557640
134.44241261099995,containerd,2486,7.83,13.864089567445909,201784,140452
134.44241261099995,coredns,2953,1.47,0.0,66432,66912
135.45896056299995,k3s,2461,52.12,74.76282830581147,619412,557668
135.45896056299995,containerd,2486,7.91,7.869771400611734,201784,140496
135.45896056299995,coredns,2953,1.49,1.9674428501529335,66432,66912
136.472966558,k3s,2461,52.43,30.571811362908697,619412,557680
136.472966558,containerd,2486,8.02,10.84806209651599,212544,151224
136.472966558,coredns,2953,1.5,0.9861874633196355,66432,66912
137.48342679399997,k3s,2461,52.71,27.710145340148532,619476,557680
137.48342679399997,containerd,2486,8.04,1.979296095724895,212544,151224
137.48342679399997,coredns,2953,1.51,0.9896480478624475,66432,66912
138.49258179499998,k3s,2461,53.06,34.68248184403501,619476,557692
138.49258179499998,containerd,2486,8.06,1.9818561053734292,212544,151224
138.49258179499998,coredns,2953,1.52,0.9909280526867146,66432,66912
139.50654812099998,k3s,2461,53.34,27.614329275072937,619476,557692
139.50654812099998,containerd,2486,8.07,0.9862260455383189,212544,151224
139.50654812099998,coredns,2953,1.53,0.9862260455383189,66432,66912
140.52011961199997,k3s,2461,53.81,46.370680723892136,619528,557788
140.52011961199997,containerd,2486,8.13,5.919661369007507,212544,151220
140.52011961199997,coredns,2953,1.54,0.9866102281679178,66432,66916
141.53298443899996,k3s,2461,54.11,29.618957239197705,619636,557920
141.53298443899996,containerd,2486,8.14,0.9872985746399235,212544,151220
141.53298443899996,coredns,2953,1.56,1.974597149279847,66432,66916
142.55436952399998,k3s,2461,54.6,47.97407042614005,619596,557932
142.55436952399998,containerd,2486,8.2,5.874375970547762,212544,151220
142.55436952399998,coredns,2953,1.56,0.0,66432,66916
143.56533659099995,k3s,2461,54.92,31.652860953185762,619840,558108
143.56533659099995,containerd,2486,8.21,0.9891519047870551,212544,151220
143.56533659099995,coredns,2953,1.57,0.9891519047870551,66432,66916
144.57214616,k3s,2461,55.25,32.77680409094192,619840,558112
144.57214616,containerd,2486,8.28,6.952655413230105,212544,151224
144.57214616,coredns,2953,1.58,0.9932364876043006,66432,66916
145.59831068799997,k3s,2461,55.67,40.92910917692603,619580,557932
145.59831068799997,containerd,2486,8.36,7.796020795604959,212544,151224
145.59831068799997,coredns,2953,1.59,0.9745025994506199,66432,66916
146.62388603899996,k3s,2461,56.19,50.70324666958644,619720,558008
146.62388603899996,containerd,2486,8.55,18.526186283118122,214720,153276
146.62388603899996,coredns,2953,1.6,0.9750624359535853,66432,66916
147.63413847299995,k3s,2461,57.04,84.13738699292306,626060,564380
147.63413847299995,containerd,2486,8.67,11.878219340177372,216256,154848
147.63413847299995,coredns,2953,1.62,1.9797032233628955,66432,66920
148.64897899599998,k3s,2461,57.36,31.532047917640146,626024,564372
148.64897899599998,containerd,2486,8.7,2.9561294922787638,216256,154848
148.64897899599998,coredns,2953,1.63,0.9853764974262545,66432,66928
149.67082708299995,k3s,2461,57.71,34.2516666080534,626152,564380
149.67082708299995,containerd,2486,8.75,4.893095229721914,216256,154864
149.67082708299995,coredns,2953,1.65,1.9572380918887655,66432,66928
150.68575255399998,k3s,2461,58.0,28.573526656519633,625968,564384
150.68575255399998,containerd,2486,8.79,3.9411760905544324,216256,154864
150.68575255399998,coredns,2953,1.66,0.9852940226386081,66432,66928
151.69695623599995,k3s,2461,58.29,28.6786930429717,626096,564388
151.69695623599995,containerd,2486,8.82,2.966761349272935,216256,154864
151.69695623599995,coredns,2953,1.67,0.988920449757645,66432,66928
152.70914238399996,k3s,2461,58.75,45.44618605074948,626300,564492
152.70914238399996,containerd,2486,8.87,4.939802831603204,216256,154864
152.70914238399996,coredns,2953,1.68,0.987960566320641,66432,66928
153.73097003099997,k3s,2461,59.08,32.295074513676475,626300,564548
153.73097003099997,containerd,2486,8.93,5.87183172975936,216256,154916
153.73097003099997,coredns,2953,1.68,0.0,66432,66928
154.74438132399996,k3s,2461,59.4,31.576518064319924,628464,566592
154.74438132399996,containerd,2486,8.95,1.9735323790199952,216256,154916
154.74438132399996,coredns,2953,1.7,1.9735323790199952,66432,66928
155.75550954999994,k3s,2461,59.89,48.46071817601583,628168,566632
155.75550954999994,containerd,2486,8.97,1.9779884969802382,216256,154916
155.75550954999994,coredns,2953,1.71,0.9889942484901191,66432,66928
156.76320342500003,k3s,2461,60.23,33.740405537343456,628360,566648
156.76320342500003,containerd,2486,9.01,3.9694594749815835,216256,154920
156.76320342500003,coredns,2953,1.72,0.9923648687453959,66432,66928
157.79165929099997,k3s,2461,60.57,33.059269847172835,628320,566652
157.79165929099997,containerd,2486,9.04,2.916994398279956,216384,154940
157.79165929099997,coredns,2953,1.73,0.9723314660933187,66432,66932
158.86505305100002,k3s,2461,61.05,44.7179793554958,628352,566552
158.86505305100002,containerd,2486,9.25,19.564115968029412,216920,155676
158.86505305100002,coredns,2953,1.74,0.9316245699061625,66432,66932
159.90474019199996,k3s,2461,61.69,61.556979476005075,628340,566572
159.90474019199996,containerd,2486,9.47,21.160211694876743,217308,156004
159.90474019199996,coredns,2953,1.75,0.9618278043125793,66432,66932
160.91741605899995,k3s,2461,62.33,63.19889915970614,628272,566580
160.91741605899995,containerd,2486,9.5,2.962448398111225,217308,156008
160.91741605899995,coredns,2953,1.77,1.9749655987408168,66432,66932
161.92710363599997,k3s,2461,62.68,34.664188009514575,628272,566588
161.92710363599997,containerd,2486,9.52,1.9808107434008329,217308,156008
161.92710363599997,coredns,2953,1.78,0.9904053717004164,66432,66932
162.940808222,k3s,2461,62.94,25.6484979540179,628232,566592
162.940808222,containerd,2486,9.56,3.9459227621566,217308,156016
162.940808222,coredns,2953,1.79,0.98648069053915,66432,66932
163.95295079599998,k3s,2461,63.31,36.55611467243762,628232,566592
163.95295079599998,containerd,2486,9.61,4.940015496275355,217308,156012
163.95295079599998,coredns,2953,1.8,0.9880030992550709,66432,66932
164.96273790299995,k3s,2461,63.6,28.718924809960942,628232,566592
164.96273790299995,containerd,2486,9.63,1.9806155041352378,217308,156012
164.96273790299995,coredns,2953,1.81,0.9903077520676189,66432,66932
165.97750067200002,k3s,2461,64.01,40.403531990438154,628348,566644
165.97750067200002,containerd,2486,9.66,2.9563559993003525,217308,156012
165.97750067200002,coredns,2953,1.82,0.9854519997667842,66432,66932
166.99663493499997,k3s,2461,64.4,38.267774341330046,628476,566644
166.99663493499997,containerd,2486,9.7,3.9248999324441076,217308,156012
166.99663493499997,coredns,2953,1.83,0.9812249831110269,66432,66932
168.01096980599993,k3s,2461,64.95,54.22272424271429,628396,566648
168.01096980599993,containerd,2486,9.78,7.886941708031169,217308,156072
168.01096980599993,coredns,2953,1.84,0.9858677135038961,66432,66932
169.023770581,k3s,2461,65.28,32.58291345600284,628396,566652
169.023770581,containerd,2486,9.8,1.974722027636536,217308,156072
169.023770581,coredns,2953,1.85,0.987361013818268,66432,66932
170.03693560399995,k3s,2461,65.57,28.623175239638773,628268,566656
170.03693560399995,containerd,2486,9.88,7.896048341969318,217308,156072
170.03693560399995,coredns,2953,1.86,0.9870060427461648,66432,66932
171.13095852899994,k3s,2461,66.3,66.72620685713753,628356,566676
171.13095852899994,containerd,2486,10.07,17.367094935419356,217308,156092
171.13095852899994,coredns,2953,1.87,0.9140576281799662,66432,66936
172.16904358599993,k3s,2461,66.97,64.54191739704494,628476,566700
172.16904358599993,containerd,2486,10.34,26.009429398809154,217444,156192
172.16904358599993,coredns,2953,1.89,1.9266243999117894,66432,66940
173.18997246899994,k3s,2461,67.46,47.995507636156766,628412,566696
173.18997246899994,containerd,2486,10.59,24.487503895998348,215076,153660
173.18997246899994,coredns,2953,1.9,0.979500155839934,66432,66940
174.21944830299992,k3s,2461,67.72,25.255570982155238,628356,566704
174.21944830299992,containerd,2486,10.86,26.226939096853517,210784,149388
174.21944830299992,coredns,2953,1.91,0.9713681146982784,66432,66940
175.25885859899995,k3s,2461,68.07,33.67293948760255,628396,566708
175.25885859899995,containerd,2486,11.02,15.393343765761164,210356,148876
175.25885859899995,coredns,2953,1.92,0.9620839853600728,66432,66940
176.28495991,k3s,2461,68.36,28.262316487770914,628320,566708
176.28495991,containerd,2486,11.04,1.949125275018684,210356,148876
176.28495991,coredns,2953,1.93,0.974562637509342,66432,66940
177.29760892599995,k3s,2461,68.72,35.55032339062837,628448,566800
177.29760892599995,containerd,2486,11.11,6.912562881511073,210356,148880
177.29760892599995,coredns,2953,1.94,0.9875089830730104,66432,66940
178.30702296100003,k3s,2461,69.12,39.626950501036916,628304,566788
178.30702296100003,containerd,2486,11.13,1.9813475250518457,210356,148880
178.30702296100003,coredns,2953,1.95,0.9906737625259229,66432,66940
179.315889482,k3s,2461,69.42,29.736342098323252,630636,568940
179.315889482,containerd,2486,11.16,2.9736342098323254,210356,148880
179.315889482,coredns,2953,1.97,1.9824228065548835,66432,66940
180.32905054899993,k3s,2461,69.99,56.25956410739504,634576,572900
180.32905054899993,containerd,2486,11.17,0.9870098966209658,210356,148880
180.32905054899993,coredns,2953,1.98,0.9870098966209658,66432,66940
181.34138606299996,k3s,2461,70.32,32.59788829259532,634656,572908
181.34138606299996,containerd,2486,11.24,6.914703577217191,210356,147408
181.34138606299996,coredns,2953,1.98,0.0,66432,66940
182.36446491799995,k3s,2461,70.67,34.210461714605756,634472,572972
182.36446491799995,containerd,2486,11.29,4.887208816372251,208908,147408
182.36446491799995,coredns,2953,2.0,1.9548835265489004,66432,66940
183.37777790899997,k3s,2461,71.1,42.435062396233626,634492,572920
183.37777790899997,containerd,2486,11.41,11.842342994297756,208908,147416
183.37777790899997,coredns,2953,2.01,0.9868619161914797,66432,66940
184.40655609199996,k3s,2461,71.71,59.293636867492594,634548,572896
184.40655609199996,containerd,2486,11.61,19.440536677866422,207172,145656
184.40655609199996,coredns,2953,2.02,0.9720268338933212,66432,66940
185.43499689600003,k3s,2461,72.49,75.84296509495037,634520,572912
185.43499689600003,containerd,2486,11.68,6.806419944418624,207172,145672
185.43499689600003,coredns,2953,2.04,1.9446914126910353,66432,66940
186.457726869,k3s,2461,72.83,33.244356670478695,634864,573236
186.457726869,containerd,2486,11.78,9.777751961905498,207172,145668
186.457726869,coredns,2953,2.04,0.0,66432,66940
187.47036222600002,k3s,2461,73.13,29.625669094624897,634784,573180
187.47036222600002,containerd,2486,11.79,0.9875223031541632,207172,145668
187.47036222600002,coredns,2953,2.06,1.9750446063083265,66432,66940
188.48991443199998,k3s,2461,73.49,35.309619054467035,634596,573060
188.48991443199998,containerd,2486,11.82,2.9424682545389196,207172,145672
188.48991443199998,coredns,2953,2.07,0.9808227515129732,66432,66940
189.50311199499993,k3s,2461,73.8,30.596204661421563,634724,573060
189.50311199499993,containerd,2486,11.84,1.9739486878336492,207172,145672
189.50311199499993,coredns,2953,2.08,0.9869743439168246,66432,66940
190.527501648,k3s,2461,74.18,37.09525949301771,634724,573068
190.527501648,containerd,2486,11.9,5.857146235739638,207172,145664
190.527501648,coredns,2953,2.09,0.9761910392899396,66432,66940
191.542236344,k3s,2461,74.47,28.57889861686552,634852,573068
191.542236344,containerd,2486,11.92,1.9709585253010706,207172,145668
191.542236344,coredns,2953,2.1,0.9854792626505353,66432,66940
192.55459894499995,k3s,2461,74.76,28.645862630005862,634724,573068
192.55459894499995,containerd,2486,11.97,4.938941832759632,207172,145672
192.55459894499995,coredns,2953,2.11,0.9877883665519264,66432,66940
193.57110012599992,k3s,2461,75.34,57.05846789370516,634712,573108
193.57110012599992,containerd,2486,11.98,0.983766687822503,207172,145676
193.57110012599992,coredns,2953,2.13,1.967533375645006,66432,66940
194.58306499699995,k3s,2461,75.66,31.621651024681654,635096,573440
194.58306499699995,containerd,2486,12.01,2.964529783563905,207172,145668
194.58306499699995,coredns,2953,2.14,0.9881765945213017,66432,66940
195.609624273,k3s,2461,75.99,32.14621967918213,634716,573096
195.609624273,containerd,2486,12.14,12.663662297859627,207300,145860
195.609624273,coredns,2953,2.14,0.0,66432,66940
196.64095094799995,k3s,2461,76.53,52.35974333738904,634784,573088
196.64095094799995,containerd,2486,12.25,10.665873642801472,207428,145972
196.64095094799995,coredns,2953,2.16,1.9392497532366313,66432,66948
197.650223956,k3s,2461,76.86,32.69680229078197,635168,573488
197.650223956,containerd,2486,12.26,0.9908121906297566,207428,145980
197.650223956,coredns,2953,2.17,0.9908121906297566,66432,66948
198.668301671,k3s,2461,77.21,34.37851500364082,635296,573704
198.668301671,containerd,2486,12.28,1.9644865716366182,207428,145988
198.668301671,coredns,2953,2.19,1.9644865716366182,66432,66956
199.68184118299996,k3s,2461,77.56,34.5324475125161,635000,573232
199.68184118299996,containerd,2486,12.35,6.906489502503221,207428,146000
199.68184118299996,coredns,2953,2.19,0.0,66432,66956
200.69799869299993,k3s,2461,78.22,64.95056066652687,634960,573240
200.69799869299993,containerd,2486,12.36,0.984099404038286,207428,146000
200.69799869299993,coredns,2953,2.21,1.968198808076572,66432,66956
201.70970289299999,k3s,2461,78.54,31.62979851225121,635216,573452
201.70970289299999,containerd,2486,12.39,2.965293610523551,207428,146008
201.70970289299999,coredns,2953,2.21,0.0,66432,66956
202.725581508,k3s,2461,78.89,34.452935107802546,634804,573120
202.725581508,containerd,2486,12.43,3.9374782980345766,205216,143628
202.725581508,coredns,2953,2.22,0.9843695745086442,66432,66956
203.739297632,k3s,2461,79.24,34.52643118854105,634768,573124
203.739297632,containerd,2486,12.49,5.918816775178466,205216,143632
203.739297632,coredns,2953,2.24,1.9729389250594886,66432,66956
204.75507830100003,k3s,2461,79.55,30.518399243133135,634752,573132
204.75507830100003,containerd,2486,12.51,1.9689289834279442,205216,143632
204.75507830100003,coredns,2953,2.24,0.0,66432,66964
205.78772144100003,k3s,2461,80.03,46.48266002135044,634696,573140
205.78772144100003,containerd,2486,12.54,2.9051662513344025,205216,143632
205.78772144100003,coredns,2953,2.26,1.9367775008896015,66432,66968
206.804680674,k3s,2461,80.59,55.06612082649913,634804,573160
206.804680674,containerd,2486,12.77,22.61644248231214,205216,143672
206.804680674,coredns,2953,2.27,0.9833235861874844,66432,66972
207.81607378,k3s,2461,81.07,47.45929126394434,635036,573296
207.81607378,containerd,2486,12.87,9.88735234665507,205216,143672
207.81607378,coredns,2953,2.29,1.9774704693310141,66432,66972
208.83681498299995,k3s,2461,81.68,59.76049543285008,635068,573304
208.83681498299995,containerd,2486,13.0,12.735843288968049,205472,144040
208.83681498299995,coredns,2953,2.29,0.0,66432,66972
209.84894976700002,k3s,2461,82.0,31.61634251273578,635060,573320
209.84894976700002,containerd,2486,13.02,1.9760214070459863,205472,144096
209.84894976700002,coredns,2953,2.31,1.9760214070459863,66432,66972
210.85779236299993,k3s,2461,82.3,29.73704730445652,634800,573180
210.85779236299993,containerd,2486,13.04,1.9824698202971014,205472,144152
210.85779236299993,coredns,2953,2.32,0.9912349101485507,66432,66972
211.871636631,k3s,2461,82.63,32.549377691996476,634924,573240
211.871636631,containerd,2486,13.06,1.9726895570906955,205472,144156
211.871636631,coredns,2953,2.34,1.9726895570906955,66432,66972
212.88278202999993,k3s,2461,83.28,64.28353436042738,620616,558928
212.88278202999993,containerd,2486,13.12,5.933864710193297,205472,144160
212.88278202999993,coredns,2953,2.34,0.0,66432,66972
213.90296804699994,k3s,2461,83.6,31.366828663364775,620616,558928
213.90296804699994,containerd,2486,13.15,2.9406401871904477,205472,144160
213.90296804699994,coredns,2953,2.36,1.9604267914602984,66432,66972
214.915558993,k3s,2461,83.89,28.63940282554994,620744,558932
214.915558993,containerd,2486,13.18,2.9626968440224077,205472,144164
214.915558993,coredns,2953,2.37,0.987565614674136,66432,66972
215.92928445099994,k3s,2461,84.24,34.52611328224294,620744,559024
215.92928445099994,containerd,2486,13.19,0.9864603794926554,205472,144164
215.92928445099994,coredns,2953,2.38,0.9864603794926554,66432,66972
216.93998268500002,k3s,2461,84.59,34.629525235716834,620552,558940
216.93998268500002,containerd,2486,13.21,1.9788300134695331,205472,144172
216.93998268500002,coredns,2953,2.38,0.0,66432,66972
217.95221028100002,k3s,2461,85.05,45.44432515155405,620704,558920
217.95221028100002,containerd,2486,13.34,12.84296145587397,205472,144192
217.95221028100002,coredns,2953,2.4,1.9758402239806108,66432,66972
218.983954144,k3s,2461,85.85,77.53862452584514,620748,558936
218.983954144,containerd,2486,13.53,18.41542332488822,205472,144212
218.983954144,coredns,2953,2.41,0.9692328065730641,66432,66972
220.00234423999996,k3s,2461,86.23,37.313795714684,620688,558940
220.00234423999996,containerd,2486,13.56,2.945825977475052,205600,144284
220.00234423999996,coredns,2953,2.42,0.9819419924916841,66432,66972
221.01168405700002,k3s,2461,86.4,16.84269233579522,620616,558940
221.01168405700002,containerd,2486,13.58,1.9814932159759082,208140,146816
221.01168405700002,coredns,2953,2.43,0.9907466079879541,66432,66972
222.03865436299998,k3s,2461,86.75,34.080829597035695,620740,559536
222.03865436299998,containerd,2486,13.64,5.8424279309204055,209036,147800
222.03865436299998,coredns,2953,2.45,1.9474759769734684,66432,66976
223.05548269199994,k3s,2461,87.05,29.503505306057495,623348,561656
223.05548269199994,containerd,2486,13.68,3.9338007074743326,209036,147800
223.05548269199994,coredns,2953,2.45,0.0,66432,66976
224.071484372,k3s,2461,87.39,33.46451159411321,629524,567780
224.071484372,containerd,2486,13.71,2.952751023009989,209036,147804
224.071484372,coredns,2953,2.47,1.9685006820066593,66432,66976
225.10348105699995,k3s,2461,87.82,41.66680050915218,631836,570216
225.10348105699995,containerd,2486,13.75,3.8759814427118306,209036,147804
225.10348105699995,coredns,2953,2.47,0.0,66432,66976
226.122851459,k3s,2461,88.15,32.37292345868837,636380,574696
226.122851459,containerd,2486,13.77,1.9619953611326286,209036,147800
226.122851459,coredns,2953,2.49,1.9619953611326286,66432,66976
227.13627583899995,k3s,2461,88.7,54.271439572040784,635636,573880
227.13627583899995,containerd,2486,13.84,6.907274127350646,209036,147800
227.13627583899995,coredns,2953,2.5,0.9867534467643778,66432,66976
228.15185781799994,k3s,2461,88.97,26.585741533722388,635636,573868
228.15185781799994,containerd,2486,13.86,1.9693141876831397,209036,147800
228.15185781799994,coredns,2953,2.51,0.9846570938415699,66432,66984
229.16590105,k3s,2461,89.35,37.47374747036194,635576,573872
229.16590105,containerd,2486,13.89,2.9584537476601533,211200,149848
229.16590105,coredns,2953,2.52,0.9861512492200512,66432,66984
230.17694899100002,k3s,2461,89.8,44.508275201560714,635704,573880
230.17694899100002,containerd,2486,13.99,9.890727822569048,211200,149852
230.17694899100002,coredns,2953,2.53,0.9890727822569048,66432,66984
231.256864479,k3s,2461,90.2,37.03993548058144,635712,574064
231.256864479,containerd,2486,14.22,21.297962901334326,212736,151376
231.256864479,coredns,2953,2.55,1.851996774029072,66432,66984
232.27476911999997,k3s,2461,91.21,99.22343992928381,637492,575784
232.27476911999997,containerd,2486,14.34,11.788923555954511,212864,151460
232.27476911999997,coredns,2953,2.56,0.9824102963295427,66432,66984
233.29022435799993,k3s,2461,91.54,32.497739698499,637492,575788
233.29022435799993,containerd,2486,14.39,4.9238999543180295,214656,153392
233.29022435799993,coredns,2953,2.58,1.9695599817272118,66432,66984
234.30296743199995,k3s,2461,91.84,29.62251806029097,637620,575792
234.30296743199995,containerd,2486,14.44,4.937086343381829,215040,153800
234.30296743199995,coredns,2953,2.59,0.9874172686763657,66432,66984
235.316058676,k3s,2461,92.17,32.57357142847625,637292,575792
235.316058676,containerd,2486,14.66,21.715714285650833,215040,153860
235.316058676,coredns,2953,2.6,0.9870779220750379,66432,66984
236.35453282100002,k3s,2461,92.44,25.999684373460987,637544,575832
236.35453282100002,containerd,2486,14.94,26.96263564655214,215680,154444
236.35453282100002,coredns,2953,2.61,0.9629512730911477,66432,66984
237.425097423,k3s,2461,92.92,44.83615459574146,637720,576132
237.425097423,containerd,2486,15.11,15.879471419325101,212060,150816
237.425097423,coredns,2953,2.62,0.9340865540779472,66432,66984
238.44207237900002,k3s,2461,93.23,30.48255988714791,637736,576052
238.44207237900002,containerd,2486,15.12,0.9833083834563842,212060,150816
238.44207237900002,coredns,2953,2.63,0.9833083834563842,66432,66984
239.45523702999992,k3s,2461,93.62,38.49324980052423,637804,576060
239.45523702999992,containerd,2486,15.16,3.948025620566588,212060,150816
239.45523702999992,coredns,2953,2.64,0.987006405141647,66432,66984
240.471795433,k3s,2461,94.12,49.185565583284614,641432,579784
240.471795433,containerd,2486,15.18,1.9674226233313845,212060,150816
240.471795433,coredns,2953,2.65,0.9837113116656923,66432,66984
241.48614132399996,k3s,2461,94.48,35.490852104217616,641340,579604
241.48614132399996,containerd,2486,15.23,4.929285014474669,212060,150812
241.48614132399996,coredns,2953,2.66,0.9858570028949337,66432,66984
242.49764286999994,k3s,2461,94.73,24.71573088431105,641316,579632
242.49764286999994,containerd,2486,15.34,10.874921589096862,212060,150820
242.49764286999994,coredns,2953,2.67,0.988629235372442,66432,66984
243.52570164500003,k3s,2461,95.41,66.14407819241076,641184,579652
243.52570164500003,containerd,2486,15.52,17.508726580344025,209488,148244
243.52570164500003,coredns,2953,2.69,1.9454140644826694,66432,66984
244.55395252999995,k3s,2461,96.32,88.49980226373162,641488,579816
244.55395252999995,containerd,2486,15.64,11.670303595217357,209488,148268
244.55395252999995,coredns,2953,2.69,0.0,66432,66984
245.57596867400002,k3s,2461,96.65,32.28911812570891,641596,579848
245.57596867400002,containerd,2486,15.65,0.9784581250214821,209488,148268
245.57596867400002,coredns,2953,2.71,1.9569162500429642,66432,66984
246.61384933800002,k3s,2461,96.98,31.79556296271844,641596,579816
246.61384933800002,containerd,2486,15.75,9.635019079611649,209676,148292
246.61384933800002,coredns,2953,2.72,0.9635019079611649,66432,66984
247.624863924,k3s,2461,97.26,27.694951574121355,641724,579860
247.624863924,containerd,2486,15.77,1.9782108267229537,209676,148292
247.624863924,coredns,2953,2.73,0.9891054133614768,66432,66984
248.63698093899995,k3s,2461,97.6,33.5929536764105,641436,579692
248.63698093899995,containerd,2486,15.79,1.9760560986123823,209676,148292
248.63698093899995,coredns,2953,2.74,0.9880280493061911,66432,66984
249.65905549399997,k3s,2461,98.06,45.00650150712266,641184,579616
249.65905549399997,containerd,2486,15.82,2.935206620029738,209676,148292
249.65905549399997,coredns,2953,2.75,0.9784022066765794,66432,66984
250.669989978,k3s,2461,98.42,35.610616285990076,641260,579548
250.669989978,containerd,2486,15.88,5.935102714331679,209676,148288
250.669989978,coredns,2953,2.76,0.9891837857219465,66432,66984
251.68378893,k3s,2461,98.72,29.591666020976458,641224,579564
251.68378893,containerd,2486,15.89,0.9863888673658819,209676,148288
251.68378893,coredns,2953,2.78,1.9727777347317639,66432,66984
252.69896256799996,k3s,2461,99.24,51.22276431689788,639552,577848
252.69896256799996,containerd,2486,15.94,4.9252657997017195,209676,148288
252.69896256799996,coredns,2953,2.78,0.0,66432,66984
253.71576121299995,k3s,2461,99.57,32.454803281135554,639552,577852
253.71576121299995,containerd,2486,15.95,0.983478887307138,209676,148288
253.71576121299995,coredns,2953,2.79,0.983478887307138,66432,66984
254.72743270699993,k3s,2461,99.95,37.56160001084365,639656,577828
254.72743270699993,containerd,2486,16.08,12.850021056341248,209676,148332
254.72743270699993,coredns,2953,2.81,1.976926316360192,66432,66984
255.74959639999997,k3s,2461,100.62,65.54723128871441,639676,577836
255.74959639999997,containerd,2486,16.24,15.653070158498963,209804,148332
255.74959639999997,coredns,2953,2.82,0.9783168849061852,66432,66984
256.789746045,k3s,2461,101.45,79.7962104769998,639744,577912
256.789746045,containerd,2486,16.44,19.228002524578265,210700,149280
256.789746045,coredns,2953,2.84,1.9228002524578267,66432,66988
257.80505117199993,k3s,2461,101.75,29.547767663348335,639744,577916
257.80505117199993,containerd,2486,16.47,2.9547767663348337,210700,149300
257.80505117199993,coredns,2953,2.85,0.9849255887782778,66432,66988
258.8149440039999,k3s,2461,102.11,35.647346786990866,639744,577920
258.8149440039999,containerd,2486,16.48,0.990204077416413,210700,149304
258.8149440039999,coredns,2953,2.85,0.0,66432,66988
259.82542024399993,k3s,2461,102.44,32.65786833345029,639744,577924
259.82542024399993,containerd,2486,16.52,3.9585294949636713,210700,149332
259.82542024399993,coredns,2953,2.87,1.9792647474818357,66432,66988
260.84694801699993,k3s,2461,102.74,29.367777159789394,639872,577928
260.84694801699993,containerd,2486,16.57,4.894629526631566,210700,149380
260.84694801699993,coredns,2953,2.88,0.9789259053263132,66432,66988
261.85994180299997,k3s,2461,103.14,39.48691547057377,640000,577928
261.85994180299997,containerd,2486,16.58,0.9871728867643441,210700,149380
261.85994180299997,coredns,2953,2.9,1.9743457735286882,66432,66996
262.88456119599994,k3s,2461,103.53,38.06291415762934,639872,577940
262.88456119599994,containerd,2486,16.63,4.879860789439659,210700,149392
262.88456119599994,coredns,2953,2.9,0.0,66432,66996
263.89915291,k3s,2461,103.84,30.554162400737,639832,577940
263.89915291,containerd,2486,16.64,0.985618141959258,210700,149392
263.89915291,coredns,2953,2.91,0.985618141959258,66432,66996
264.93495902099994,k3s,2461,104.42,55.99503554193957,639960,577940
264.93495902099994,containerd,2486,16.73,8.688884825473384,211084,149652
264.93495902099994,coredns,2953,2.92,0.9654316472748203,66432,66996
265.95354300199995,k3s,2461,104.7,27.489142301757674,639812,577940
265.95354300199995,containerd,2486,16.75,1.9635101644112622,211084,149692
265.95354300199995,coredns,2953,2.94,1.9635101644112622,66432,66996
266.9886816239999,k3s,2461,105.07,35.74400492227101,639812,578032
266.9886816239999,containerd,2486,16.79,3.864216748353623,211084,149712
266.9886816239999,coredns,2953,2.94,0.0,66432,66996
268.007346302,k3s,2461,105.51,43.19380160150977,640052,578128
268.007346302,containerd,2486,16.97,17.670191564253997,211212,149752
268.007346302,coredns,2953,2.96,1.9633546182504442,66432,66996
269.037881967,k3s,2461,106.25,71.8073158583986,640000,578096
269.037881967,containerd,2486,17.15,17.466644397988848,211212,149804
269.037881967,coredns,2953,2.98,1.9407382664432054,66432,66996
270.055748664,k3s,2461,106.99,72.70107197543642,640068,578136
270.055748664,containerd,2486,17.21,5.894681511521871,212236,150792
270.055748664,coredns,2953,2.98,0.0,66432,66996
271.063880221,k3s,2461,107.26,26.782218860748525,640068,578140
271.063880221,containerd,2486,17.24,2.975802095638725,212236,150792
271.063880221,coredns,2953,3.0,1.98386806375915,66432,66996
272.099673265,k3s,2461,107.57,29.92875862564679,640068,578140
272.099673265,containerd,2486,17.26,1.9308876532675348,212236,150792
272.099673265,coredns,2953,3.0,0.0,66432,66996
273.12071164099996,k3s,2461,107.89,31.34064375265036,640052,578144
273.12071164099996,containerd,2486,17.33,6.855765820892268,212236,150828
273.12071164099996,coredns,2953,3.02,1.9587902345406476,66432,66996
274.13586826799997,k3s,2461,108.25,35.4625079938523,640052,578148
274.13586826799997,containerd,2486,17.38,4.925348332479485,212236,150828
274.13586826799997,coredns,2953,3.03,0.9850696664958971,66432,67000
275.150156777,k3s,2461,108.71,45.35198771535943,640368,578428
275.150156777,containerd,2486,17.4,1.9718255528417141,213260,151816
275.150156777,coredns,2953,3.04,0.9859127764208571,66432,67000
276.162851617,k3s,2461,108.98,26.66153606549446,640356,578428
276.162851617,containerd,2486,17.44,3.949857194888068,213260,151816
276.162851617,coredns,2953,3.05,0.987464298722017,66432,67000
277.18048032699994,k3s,2461,109.6,60.925954025023195,640308,578428
277.18048032699994,containerd,2486,17.47,2.9480300334688643,213772,152320
277.18048032699994,coredns,2953,3.07,1.9653533556459095,66432,67000
278.192610606,k3s,2461,109.95,34.58052854082966,640436,578432
278.192610606,containerd,2486,17.48,0.9880151011665618,213772,152320
278.192610606,coredns,2953,3.07,0.0,66432,67004
279.2074510169999,k3s,2461,110.27,31.532051397589512,640436,578436
279.2074510169999,containerd,2486,17.55,6.897636243222706,213772,152324
279.2074510169999,coredns,2953,3.09,1.9707532123493445,66432,67004
280.239856134,k3s,2461,110.67,38.7444805738966,640352,578448
280.239856134,containerd,2486,17.72,16.466404243906055,213772,152332
280.239856134,coredns,2953,3.09,0.0,66432,67004
281.25197794099995,k3s,2461,111.19,51.37721531179446,640412,578452
281.25197794099995,containerd,2486,17.86,13.832327199329278,213772,152320
281.25197794099995,coredns,2953,3.11,1.9760467427613253,66432,67008
282.27428672099995,k3s,2461,112.2,98.79598216890957,641740,579872
282.27428672099995,containerd,2486,17.99,12.716314536592321,213772,152408
282.27428672099995,coredns,2953,3.12,0.9781780412763325,66432,67008
283.28820608399997,k3s,2461,112.58,37.478325581597055,640384,578504
283.28820608399997,containerd,2486,18.08,8.876445532483514,213772,152404
283.28820608399997,coredns,2953,3.13,0.9862717258315015,66432,67008
284.31096743499995,k3s,2461,112.87,28.354610752201182,640348,578564
284.31096743499995,containerd,2486,18.1,1.95549039670353,213772,152404
284.31096743499995,coredns,2953,3.14,0.977745198351765,66432,67008
285.32871527099996,k3s,2461,113.19,31.441973019336015,640404,578508
285.32871527099996,containerd,2486,18.13,2.9476849705627512,213772,152404
285.32871527099996,coredns,2953,3.16,1.965123313708501,66432,67008
286.3380622789999,k3s,2461,113.56,36.65736333168121,640532,578520
286.3380622789999,containerd,2486,18.18,4.9536977475244885,213772,152408
286.3380622789999,coredns,2953,3.16,0.0,66432,67008
287.3537444379999,k3s,2461,114.04,47.25887874929218,640508,578524
287.3537444379999,containerd,2486,18.22,3.9382398957743483,213772,152404
287.3537444379999,coredns,2953,3.17,0.9845599739435871,66432,67008
288.42094798200003,k3s,2461,114.38,31.858964666253538,640296,578524
288.42094798200003,containerd,2486,18.31,8.43325535283182,213772,152420
288.42094798200003,coredns,2953,3.19,1.8740567450737375,66432,67008
289.436258072,k3s,2461,114.87,48.26111794082738,635456,573676
289.436258072,containerd,2486,18.34,2.954762322907799,213772,152420
289.436258072,coredns,2953,3.2,0.9849207743025997,66264,66752
290.45131107,k3s,2461,115.28,40.391979611689706,635584,573692
290.45131107,containerd,2486,18.37,2.9555107032943684,213772,152420
290.45131107,coredns,2953,3.22,1.9703404688629125,66264,66752
291.465239604,k3s,2461,115.6,31.560409759609303,635632,573784
291.465239604,containerd,2486,18.39,1.9725256099755815,213772,152420
291.465239604,coredns,2953,3.23,0.9862628049877907,66264,66752
292.49783077199993,k3s,2461,115.96,34.86374967716325,635732,573788
292.49783077199993,containerd,2486,18.6,20.337187311678562,213900,152448
292.49783077199993,coredns,2953,3.24,0.9684374910323124,66264,66752
293.54356271099994,k3s,2461,116.57,58.33234859244326,635860,573716
293.54356271099994,containerd,2486,18.73,12.4314841262584,215948,154380
293.54356271099994,coredns,2953,3.25,0.9562680097121846,66264,66752
294.55783625999993,k3s,2461,117.54,95.63494985710258,635648,573732
294.55783625999993,containerd,2486,18.87,13.802982453602436,216204,154776
294.55783625999993,coredns,2953,3.27,1.971854636228919,66264,66752
295.58024488399997,k3s,2461,117.88,33.25480556587989,635928,573940
295.58024488399997,containerd,2486,18.89,1.9561650332870524,216204,154784
295.58024488399997,coredns,2953,3.28,0.9780825166435262,66264,66752
296.59078788,k3s,2461,118.19,30.676576971692935,635612,573736
296.59078788,containerd,2486,18.92,2.9687009972606067,216204,154788
296.59078788,coredns,2953,3.29,0.989566999086869,66264,66752
297.603433192,k3s,2461,118.54,34.56294082957191,635680,573744
297.603433192,containerd,2486,19.23,30.612890449049406,216844,155460
297.603433192,coredns,2953,3.3,0.987512595130626,66264,66752
298.64969448599993,k3s,2461,118.87,31.540878162317412,635808,573744
298.64969448599993,containerd,2486,19.48,23.894604668422282,216972,155648
298.64969448599993,coredns,2953,3.3,0.0,66264,66752
299.665975053,k3s,2461,119.29,41.327170236048275,635780,573924
299.665975053,containerd,2486,19.71,22.631545605455006,216972,155660
299.665975053,coredns,2953,3.32,1.9679604874308703,66264,66752
300.690740268,k3s,2461,119.7,40.0091644406567,642212,580244
300.690740268,containerd,2486,19.85,13.661665906565702,214000,152544
300.690740268,coredns,2953,3.33,0.9758332790404072,66264,66752
